warehouse_id,sku_id,mean_lead_time,lead_time_variance
WH_A,SKU0001,2.9183673469387754,1.754004165401239
WH_A,SKU0002,2.871794871794872,1.719539215810402
WH_A,SKU0003,3.891891891891892,1.8824302227555587
WH_A,SKU0004,2.975,1.8325756009871281
WH_A,SKU0005,2.8863636363636362,1.8071680156494774
WH_A,SKU0006,3.339622641509434,1.7644283910575147
WH_A,SKU0007,3.5762711864406778,2.0274273644925964
WH_A,SKU0008,2.98,1.4212670403551895
WH_A,SKU0009,3.58,2.1197805046171885
WH_A,SKU0010,3.4444444444444446,1.7959389815349587
WH_A,SKU0011,3.225806451612903,1.627056184634381
WH_A,SKU0012,3.267857142857143,1.9116016267048894
WH_A,SKU0013,3.25,1.8081014266989475
WH_A,SKU0014,3.176470588235294,1.731536158676943
WH_A,SKU0015,3.4680851063829787,2.1043543244981886
WH_A,SKU0016,3.0,1.7374889710522772
WH_A,SKU0017,3.3541666666666665,1.9073160749936229
WH_A,SKU0018,3.3333333333333335,2.1977690231790246
WH_A,SKU0019,2.984848484848485,1.5540757752283234
WH_A,SKU0020,2.7735849056603774,1.65995261093111
WH_A,SKU0021,3.2222222222222223,2.1602468994692865
WH_A,SKU0022,3.076923076923077,1.6604472350071575
WH_A,SKU0023,3.1818181818181817,1.8468282028316578
WH_A,SKU0024,3.0869565217391304,2.0744593614992985
WH_A,SKU0025,3.625,2.3717082451262845
WH_A,SKU0026,3.022727272727273,1.8984526914212225
WH_A,SKU0027,2.74,1.6138431757510914
WH_A,SKU0028,2.892857142857143,1.7021758420922903
WH_A,SKU0029,3.0714285714285716,1.7585034815926635
WH_A,SKU0030,3.4242424242424243,2.148778587302427
WH_A,SKU0031,2.4634146341463414,1.6293796515178676
WH_A,SKU0032,3.2857142857142856,1.8647659146328013
WH_A,SKU0033,3.0,1.6256866681058633
WH_A,SKU0034,2.911111111111111,1.6763355899404542
WH_A,SKU0035,3.16,1.5696093365508994
WH_A,SKU0036,2.717391304347826,1.558675270553112
WH_A,SKU0037,3.125,1.7335856335745776
WH_A,SKU0038,2.8444444444444446,1.744544164942333
WH_A,SKU0039,3.4727272727272727,2.0892542126278375
WH_A,SKU0040,3.324324324324324,1.9156381886122624
WH_A,SKU0041,3.204081632653061,1.8594308250637555
WH_A,SKU0042,3.1025641025641026,1.8608836581591497
WH_A,SKU0043,2.7115384615384617,1.4188719416236963
WH_A,SKU0044,3.4210526315789473,1.6866980208001865
WH_A,SKU0045,3.3207547169811322,1.7842643916887644
WH_A,SKU0046,3.2714285714285714,1.7355734847337845
WH_A,SKU0047,3.128205128205128,1.7944283238532248
WH_A,SKU0048,3.238095238095238,1.6050153682042714
WH_A,SKU0049,3.754385964912281,1.9935673494874342
WH_A,SKU0050,3.098360655737705,1.7388206542825408
WH_A,SKU0051,3.4878048780487805,1.748169774643072
WH_A,SKU0052,3.04,1.7138094576535796
WH_A,SKU0053,3.475,2.3313636374998237
WH_A,SKU0054,3.2777777777777777,1.845629758740687
WH_A,SKU0055,3.5,1.7976950011259338
WH_A,SKU0056,3.34,1.8473367481930547
WH_A,SKU0057,3.358974358974359,1.5128776951154603
WH_A,SKU0058,3.3958333333333335,1.672551666769725
WH_A,SKU0059,3.0377358490566038,1.652064723901386
WH_A,SKU0060,2.9,1.6916082470650409
WH_A,SKU0061,2.9565217391304346,1.6594044679962139
WH_A,SKU0062,3.7045454545454546,1.8499471451223413
WH_A,SKU0063,3.1914893617021276,2.0813697190775744
WH_A,SKU0064,3.4594594594594597,1.9234603452371197
WH_A,SKU0065,3.4166666666666665,1.5822598077720296
WH_A,SKU0066,2.702127659574468,1.5167885642257928
WH_A,SKU0067,3.590909090909091,2.365627718634369
WH_A,SKU0068,3.05,1.6613757827551912
WH_A,SKU0069,3.074074074074074,1.9700766372589813
WH_A,SKU0070,3.358974358974359,1.754500671013948
WH_A,SKU0071,3.2972972972972974,1.5787629627314204
WH_A,SKU0072,3.0697674418604652,1.6958682119339525
WH_A,SKU0073,2.9423076923076925,1.3047945002117403
WH_A,SKU0074,3.3714285714285714,1.986509120893976
WH_A,SKU0075,3.5128205128205128,2.5326478225865436
WH_A,SKU0076,3.425,1.6623662467884563
WH_A,SKU0077,3.372093023255814,1.915143359223726
WH_A,SKU0078,3.3,2.0280090021547026
WH_A,SKU0079,3.452830188679245,1.9569013745818538
WH_A,SKU0080,3.3846153846153846,1.6586534362908538
WH_A,SKU0081,3.533333333333333,1.9493588689617931
WH_A,SKU0082,3.0851063829787235,1.717300551472807
WH_A,SKU0083,3.189189189189189,1.8079736637376023
WH_A,SKU0084,3.3513513513513513,2.1371868349696443
WH_A,SKU0085,3.3773584905660377,1.6896337233297227
WH_A,SKU0086,3.054054054054054,1.7471555604904083
WH_A,SKU0087,3.627450980392157,1.5615477490454843
WH_A,SKU0088,2.8,1.5462564764323838
WH_A,SKU0089,3.3684210526315788,1.909026250036545
WH_A,SKU0090,2.8823529411764706,1.6654184274002797
WH_A,SKU0091,3.2857142857142856,1.7751790062418158
WH_A,SKU0092,3.0,1.8215877190467162
WH_A,SKU0093,3.142857142857143,1.7795130420052185
WH_A,SKU0094,3.0,1.6555182695279267
WH_A,SKU0095,3.111111111111111,1.8326838676460704
WH_A,SKU0096,3.0681818181818183,1.8476600824087879
WH_A,SKU0097,2.911111111111111,1.6211979608557456
WH_A,SKU0098,2.9215686274509802,1.775873162755741
WH_A,SKU0099,3.032258064516129,1.5380479179302127
WH_A,SKU0100,2.9473684210526314,1.9023082482626865
WH_B,SKU0001,2.8780487804878048,1.8999358140634581
WH_B,SKU0002,3.3863636363636362,1.845370185222304
WH_B,SKU0003,3.0681818181818183,1.835030286458475
WH_B,SKU0004,3.0,1.8918106058538344
WH_B,SKU0005,3.4081632653061225,2.070812716332032
WH_B,SKU0006,3.41025641025641,1.6970244658774885
WH_B,SKU0007,3.4444444444444446,2.0625150312102587
WH_B,SKU0008,3.0869565217391304,1.7815479346563372
WH_B,SKU0009,3.25,1.7134895714966891
WH_B,SKU0010,2.642857142857143,1.6353030385450165
WH_B,SKU0011,3.0652173913043477,1.665361808043772
WH_B,SKU0012,3.0277777777777777,1.558132785669366
WH_B,SKU0013,3.5128205128205128,1.861971152354335
WH_B,SKU0014,2.979591836734694,1.7379321515137771
WH_B,SKU0015,2.7954545454545454,1.5932932904878945
WH_B,SKU0016,3.046511627906977,1.5576766638642583
WH_B,SKU0017,2.8043478260869565,1.5580552724098264
WH_B,SKU0018,3.3,2.0824828195876073
WH_B,SKU0019,3.1219512195121952,1.6154739544669163
WH_B,SKU0020,3.1951219512195124,1.6465040570117337
WH_B,SKU0021,2.740740740740741,1.4299384494628684
WH_B,SKU0022,3.4285714285714284,1.7677669529663689
WH_B,SKU0023,2.7872340425531914,1.7929350507498079
WH_B,SKU0024,2.693877551020408,1.596925191744188
WH_B,SKU0025,3.25,1.9296124624698994
WH_B,SKU0026,3.2954545454545454,1.7729169953228046
WH_B,SKU0027,3.0,1.6708281379802854
WH_B,SKU0028,3.3636363636363638,1.7532814296826937
WH_B,SKU0029,3.1707317073170733,2.290223122584241
WH_B,SKU0030,3.0384615384615383,1.7259443389741171
WH_B,SKU0031,3.25,1.7294244970246868
WH_B,SKU0032,3.3636363636363638,1.9656134827672411
WH_B,SKU0033,3.4545454545454546,1.8043508024167083
WH_B,SKU0034,3.25,1.8276831048939786
WH_B,SKU0035,3.21875,1.7177324700632741
WH_B,SKU0036,3.5,1.8397324220156
WH_B,SKU0037,3.3555555555555556,2.165384235854895
WH_B,SKU0038,3.611111111111111,1.9368976036548824
WH_B,SKU0039,3.1333333333333333,1.8290583767213513
WH_B,SKU0040,3.0588235294117645,2.0142097701623505
WH_B,SKU0041,3.5686274509803924,1.8682066476788302
WH_B,SKU0042,3.641025641025641,1.9260974928483805
WH_B,SKU0043,2.34375,1.1530989102302514
WH_B,SKU0044,2.9285714285714284,1.9433536416780595
WH_B,SKU0045,3.0714285714285716,1.4880476182856899
WH_B,SKU0046,3.7777777777777777,2.3917848817640186
WH_B,SKU0047,3.2448979591836733,1.7263957185045231
WH_B,SKU0048,3.4186046511627906,1.9546350059907653
WH_B,SKU0049,3.8867924528301887,2.1984293113186566
WH_B,SKU0050,3.0517241379310347,1.6798330513654536
WH_B,SKU0051,2.9183673469387754,1.6436333570005504
WH_B,SKU0052,2.7291666666666665,1.5943995512662483
WH_B,SKU0053,3.1153846153846154,1.477329946470681
WH_B,SKU0054,2.769230769230769,1.6774281451633732
WH_B,SKU0055,3.217391304347826,1.8963478757075352
WH_B,SKU0056,2.9615384615384617,1.7030714866639578
WH_B,SKU0057,3.0943396226415096,1.5598835131977031
WH_B,SKU0058,3.421875,2.166151495530103
WH_B,SKU0059,3.225,1.8877133093935472
WH_B,SKU0060,3.189655172413793,1.3949394321470525
WH_B,SKU0061,3.0327868852459017,1.570214561928338
WH_B,SKU0062,3.5454545454545454,2.0283404312054176
WH_B,SKU0063,2.7954545454545454,1.3738343127233603
WH_B,SKU0064,2.8780487804878048,1.3999128892759634
WH_B,SKU0065,3.382978723404255,1.8362673799972087
WH_B,SKU0066,3.0697674418604652,1.7237189699850022
WH_B,SKU0067,2.977272727272727,1.5919658224044941
WH_B,SKU0068,2.6842105263157894,1.416223817207839
WH_B,SKU0069,3.5555555555555554,1.816034085026985
WH_B,SKU0070,3.0980392156862746,1.603183108204229
WH_B,SKU0071,3.1176470588235294,1.750966119872448
WH_B,SKU0072,3.036363636363636,1.9716850883297992
WH_B,SKU0073,3.2,2.0845753873282074
WH_B,SKU0074,3.183673469387755,1.8105416936623682
WH_B,SKU0075,2.8055555555555554,1.430673057279474
WH_B,SKU0076,3.2127659574468086,1.8758901679720406
WH_B,SKU0077,3.3773584905660377,1.9633802787572923
WH_B,SKU0078,3.4358974358974357,1.698216894505153
WH_B,SKU0079,3.4375,1.6230553011645348
WH_B,SKU0080,3.4878048780487805,2.5702329779565916
WH_B,SKU0081,3.183673469387755,1.8447387957349943
WH_B,SKU0082,3.1515151515151514,1.660595001069122
WH_B,SKU0083,3.262295081967213,1.8064849786649422
WH_B,SKU0084,3.261904761904762,1.7538740924513063
WH_B,SKU0085,2.8260869565217392,1.6371295723659067
WH_B,SKU0086,3.3255813953488373,1.7957745408459236
WH_B,SKU0087,3.2972972972972974,2.066463227417868
WH_B,SKU0088,3.235294117647059,1.7156717086216424
WH_B,SKU0089,3.372549019607843,1.8969531814330634
WH_B,SKU0090,3.28,1.873989523635038
WH_B,SKU0091,3.625,1.8794302499736795
WH_B,SKU0092,3.5238095238095237,1.7563556398308462
WH_B,SKU0093,2.9210526315789473,1.4590181620374199
WH_B,SKU0094,2.8703703703703702,1.7595700192633499
WH_B,SKU0095,3.236842105263158,1.6835324915400725
WH_B,SKU0096,3.411764705882353,2.1276886105653268
WH_B,SKU0097,3.0476190476190474,1.8472442356033494
WH_B,SKU0098,3.2363636363636363,1.7946797544061788
WH_B,SKU0099,3.1666666666666665,1.969100934580561
WH_B,SKU0100,3.1333333333333333,1.9493588689617924
WH_C,SKU0001,3.272727272727273,1.8919686716606736
WH_C,SKU0002,2.608695652173913,1.5416911474750377
WH_C,SKU0003,3.0625,1.4790199457749038
WH_C,SKU0004,3.135135135135135,1.6014257911512992
WH_C,SKU0005,3.1739130434782608,1.402989467758157
WH_C,SKU0006,3.4074074074074074,1.81730173732168
WH_C,SKU0007,2.9324324324324325,2.002266394501533
WH_C,SKU0008,3.240740740740741,1.9224118615631478
WH_C,SKU0009,3.1538461538461537,2.052111446201686
WH_C,SKU0010,3.3333333333333335,2.074099031496045
WH_C,SKU0011,3.119047619047619,1.6849749357965196
WH_C,SKU0012,3.466666666666667,1.9612056709116
WH_C,SKU0013,2.9,1.6916082470650413
WH_C,SKU0014,3.450980392156863,1.9423050789224239
WH_C,SKU0015,3.1951219512195124,1.9133676096756989
WH_C,SKU0016,3.36734693877551,1.7162686943752474
WH_C,SKU0017,3.066666666666667,1.572490786213793
WH_C,SKU0018,3.152173913043478,1.7252039016926255
WH_C,SKU0019,3.2181818181818183,1.6632287775077623
WH_C,SKU0020,3.0689655172413794,1.725577136766256
WH_C,SKU0021,3.0555555555555554,1.8507827601846807
WH_C,SKU0022,3.215686274509804,1.8145382386733666
WH_C,SKU0023,3.1315789473684212,1.630305105445636
WH_C,SKU0024,3.292682926829268,1.584990574719995
WH_C,SKU0025,2.630434782608696,1.7808698954558873
WH_C,SKU0026,3.423076923076923,1.9234991994896715
WH_C,SKU0027,3.116279069767442,1.546259731856527
WH_C,SKU0028,3.2586206896551726,1.8118551588792666
WH_C,SKU0029,3.9444444444444446,2.041630223192723
WH_C,SKU0030,2.8536585365853657,1.8105382571179778
WH_C,SKU0031,2.9574468085106385,1.8761367198779453
WH_C,SKU0032,3.7555555555555555,1.9674112612026673
WH_C,SKU0033,3.3469387755102042,1.9953176481469816
WH_C,SKU0034,3.1176470588235294,1.6886752890305066
WH_C,SKU0035,2.9393939393939394,2.1351140768614965
WH_C,SKU0036,3.1363636363636362,1.7861340491233102
WH_C,SKU0037,2.953488372093023,1.4467284665112365
WH_C,SKU0038,2.8,1.4452988925785863
WH_C,SKU0039,3.74,1.804868698938558
WH_C,SKU0040,3.1944444444444446,2.053838836971871
WH_C,SKU0041,3.1707317073170733,2.060369372520256
WH_C,SKU0042,2.9285714285714284,1.6732159358386025
WH_C,SKU0043,2.8363636363636364,1.7926148536336557
WH_C,SKU0044,3.1346153846153846,1.9506544518050621
WH_C,SKU0045,3.6744186046511627,1.9483928692589079
WH_C,SKU0046,3.2,1.702339326830426
WH_C,SKU0047,3.235294117647059,1.954928868417061
WH_C,SKU0048,2.9375,1.8612081411494126
WH_C,SKU0049,3.2,1.9822743918806704
WH_C,SKU0050,3.325,1.7303845726400733
WH_C,SKU0051,3.707317073170732,1.9905263429432978
WH_C,SKU0052,3.1346153846153846,1.726708828547014
WH_C,SKU0053,3.4782608695652173,1.8943087913805
WH_C,SKU0054,3.261904761904762,1.8220803415865845
WH_C,SKU0055,2.975,1.6561849890482399
WH_C,SKU0056,3.5106382978723403,2.03098113391717
WH_C,SKU0057,3.42,2.1293862294768684
WH_C,SKU0058,3.225,1.6561849890482396
WH_C,SKU0059,3.0,1.5974116995724783
WH_C,SKU0060,3.327272727272727,2.143504792299937
WH_C,SKU0061,3.3666666666666667,2.0758601596203077
WH_C,SKU0062,3.130434782608696,1.6547399346144183
WH_C,SKU0063,2.893617021276596,2.013368824644855
WH_C,SKU0064,2.9130434782608696,1.8598218189029918
WH_C,SKU0065,3.0,1.8014669075139642
WH_C,SKU0066,3.4146341463414633,2.1210328823016575
WH_C,SKU0067,2.975,1.671595276743378
WH_C,SKU0068,2.8863636363636362,1.9073408872150472
WH_C,SKU0069,3.0357142857142856,2.088620995378928
WH_C,SKU0070,3.061224489795918,1.9408778433278813
WH_C,SKU0071,3.58974358974359,1.9962853492628532
WH_C,SKU0072,3.803921568627451,1.9289334653443826
WH_C,SKU0073,3.125,1.8057237601228882
WH_C,SKU0074,3.297872340425532,1.875643583657079
WH_C,SKU0075,3.18,1.5608736433844492
WH_C,SKU0076,3.148936170212766,1.817532051081013
WH_C,SKU0077,3.3333333333333335,2.0568833780186058
WH_C,SKU0078,3.6538461538461537,1.898240830447252
WH_C,SKU0079,3.0,1.7795130420052183
WH_C,SKU0080,3.09375,1.7522661064851157
WH_C,SKU0081,3.641509433962264,2.0670895520647967
WH_C,SKU0082,3.5,1.7606816861659011
WH_C,SKU0083,3.347826086956522,2.078646902881753
WH_C,SKU0084,3.377049180327869,1.733627549641017
WH_C,SKU0085,3.075,1.6233472857821922
WH_C,SKU0086,3.0454545454545454,1.8294051066938297
WH_C,SKU0087,3.3947368421052633,1.9247951619231412
WH_C,SKU0088,3.5319148936170213,1.9093712125676487
WH_C,SKU0089,3.3137254901960786,1.6551760761735455
WH_C,SKU0090,2.6129032258064515,1.8014331212461319
WH_C,SKU0091,3.1578947368421053,1.9066563261019698
WH_C,SKU0092,2.82,1.5868078597213555
WH_C,SKU0093,3.326923076923077,2.0743168386020483
WH_C,SKU0094,3.522727272727273,2.0515296206380205
WH_C,SKU0095,3.04,1.937387258075964
WH_C,SKU0096,3.25,1.5972733176516947
WH_C,SKU0097,2.872340425531915,1.6367653848580073
WH_C,SKU0098,2.732142857142857,1.6123508689721742
WH_C,SKU0099,3.347826086956522,1.8763722836526615
WH_C,SKU0100,3.7962962962962963,2.374229802659187
